{
  "final_accuracy": 0.9965999722480774,
  "final_loss": 0.012021901085972786,
  "digit_accuracy": {
    "0": 1.0,
    "1": 0.9982378854625551,
    "2": 0.999031007751938,
    "3": 0.999009900990099,
    "4": 0.9979633401221996,
    "5": 0.9943946188340808,
    "6": 0.9937369519832986,
    "7": 0.995136186770428,
    "8": 0.9958932238193019,
    "9": 0.9920713577799801
  },
  "training_history": {
    "loss": [
      0.7042188048362732,
      0.163414865732193,
      0.11321239918470383,
      0.0919305607676506,
      0.0791313499212265,
      0.07105597853660583,
      0.06703248620033264,
      0.06342040747404099,
      0.058911677449941635,
      0.05614312365651131,
      0.05261747166514397,
      0.04890366271138191,
      0.04906058311462402,
      0.04407484084367752,
      0.04401469975709915,
      0.0429861880838871,
      0.0405583418905735,
      0.04028482362627983,
      0.03628741204738617,
      0.0384477898478508,
      0.03564329072833061,
      0.03702859580516815,
      0.03569391742348671,
      0.03209682181477547,
      0.03417876362800598,
      0.031084707006812096,
      0.03193821385502815,
      0.026377644389867783,
      0.024254441261291504,
      0.022183407098054886
    ],
    "accuracy": [
      0.7862333059310913,
      0.9525499939918518,
      0.9670666456222534,
      0.9733166694641113,
      0.9777500033378601,
      0.9794833064079285,
      0.9815000295639038,
      0.9819499850273132,
      0.9832833409309387,
      0.9846000075340271,
      0.9850333333015442,
      0.9859833121299744,
      0.9861166477203369,
      0.9878666400909424,
      0.9879833459854126,
      0.9879999756813049,
      0.9886500239372253,
      0.9889500141143799,
      0.9898999929428101,
      0.9893333315849304,
      0.9897666573524475,
      0.9897833466529846,
      0.989983320236206,
      0.991100013256073,
      0.9905666708946228,
      0.9912333488464355,
      0.9913166761398315,
      0.9928500056266785,
      0.9930499792098999,
      0.9938666820526123
    ],
    "val_loss": [
      0.12918804585933685,
      0.03521616384387016,
      0.026404235512018204,
      0.025798195973038673,
      0.02141975425183773,
      0.01998947188258171,
      0.021767091006040573,
      0.02246002107858658,
      0.019579704850912094,
      0.01923341490328312,
      0.018471552059054375,
      0.02337178960442543,
      0.018427791073918343,
      0.020796790719032288,
      0.01926809549331665,
      0.01599477417767048,
      0.015506718307733536,
      0.015461282804608345,
      0.017545776441693306,
      0.014405147172510624,
      0.015970423817634583,
      0.012546798214316368,
      0.01639564149081707,
      0.015335017815232277,
      0.014733618125319481,
      0.016961082816123962,
      0.01590721309185028,
      0.011905177496373653,
      0.012021901085972786,
      0.012197592295706272
    ],
    "val_accuracy": [
      0.9643999934196472,
      0.9894999861717224,
      0.9921000003814697,
      0.9918000102043152,
      0.9930999875068665,
      0.9939000010490417,
      0.9940000176429749,
      0.9933000206947327,
      0.9944000244140625,
      0.9936000108718872,
      0.9945999979972839,
      0.9927999973297119,
      0.9944000244140625,
      0.9943000078201294,
      0.9940999746322632,
      0.994700014591217,
      0.9951000213623047,
      0.9951000213623047,
      0.9944000244140625,
      0.9958000183105469,
      0.9962000250816345,
      0.9962000250816345,
      0.9954000115394592,
      0.9957000017166138,
      0.9955999851226807,
      0.9944000244140625,
      0.9947999715805054,
      0.9962000250816345,
      0.9965999722480774,
      0.996399998664856
    ]
  },
  "model_architecture": {
    "conv_layers": 5,
    "dense_layers": 3,
    "parameters": 307178,
    "optimizer": "Adam",
    "learning_rate": 0.001
  }
}