{
  "final_accuracy": 0.9972000122070312,
  "final_loss": 0.009671149775385857,
  "digit_accuracy": {
    "0": 0.9989795918367347,
    "1": 0.9973568281938326,
    "2": 0.997093023255814,
    "3": 1.0,
    "4": 0.9989816700610998,
    "5": 0.9955156950672646,
    "6": 0.9958246346555324,
    "7": 0.9970817120622568,
    "8": 0.9969199178644764,
    "9": 0.9940535183349851
  },
  "training_history": {
    "loss": [
      0.7042498588562012,
      0.16975468397140503,
      0.11669720709323883,
      0.09242145717144012,
      0.08264054358005524,
      0.0735577940940857,
      0.06678812205791473,
      0.06243596971035004,
      0.05807248130440712,
      0.057715173810720444,
      0.051419757306575775,
      0.049501702189445496,
      0.047731783241033554,
      0.04655982181429863,
      0.03616691380739212,
      0.03158821910619736,
      0.030407529324293137,
      0.031069163233041763,
      0.02913668192923069,
      0.028271518647670746,
      0.029113123193383217,
      0.026847844943404198,
      0.026086602360010147,
      0.024261150509119034,
      0.023419883102178574,
      0.02356380596756935,
      0.02117152512073517,
      0.022783363237977028
    ],
    "accuracy": [
      0.7838500142097473,
      0.9505666494369507,
      0.9664000272750854,
      0.9735666513442993,
      0.9764166474342346,
      0.979449987411499,
      0.9813666939735413,
      0.9819166660308838,
      0.9835666418075562,
      0.9837166666984558,
      0.9857000112533569,
      0.9860166907310486,
      0.9865833520889282,
      0.9870166778564453,
      0.9901166558265686,
      0.9912833571434021,
      0.9915500283241272,
      0.9915500283241272,
      0.9918000102043152,
      0.9924166798591614,
      0.991683304309845,
      0.9927166700363159,
      0.9924833178520203,
      0.9932666420936584,
      0.993483304977417,
      0.9934333562850952,
      0.9940000176429749,
      0.9938499927520752
    ],
    "val_loss": [
      0.25154536962509155,
      0.046986959874629974,
      0.02821739763021469,
      0.0331728495657444,
      0.03289097175002098,
      0.027299001812934875,
      0.02237130142748356,
      0.026548031717538834,
      0.015815872699022293,
      0.02764582820236683,
      0.0272525604814291,
      0.030047958716750145,
      0.01832960732281208,
      0.016666345298290253,
      0.011207085102796555,
      0.011965476907789707,
      0.01078063901513815,
      0.009671149775385857,
      0.011147251352667809,
      0.010904576629400253,
      0.010440608486533165,
      0.012515694834291935,
      0.011967054568231106,
      0.010285784490406513,
      0.009921777062118053,
      0.010272062383592129,
      0.010628280229866505,
      0.010251532308757305
    ],
    "val_accuracy": [
      0.9172999858856201,
      0.9871000051498413,
      0.991100013256073,
      0.9905999898910522,
      0.9884999990463257,
      0.9916999936103821,
      0.992900013923645,
      0.9911999702453613,
      0.9954000115394592,
      0.9911999702453613,
      0.9915000200271606,
      0.9902999997138977,
      0.9940000176429749,
      0.995199978351593,
      0.9965000152587891,
      0.9959999918937683,
      0.9962000250816345,
      0.9972000122070312,
      0.9965999722480774,
      0.9965000152587891,
      0.9968000054359436,
      0.996399998664856,
      0.9969000220298767,
      0.9970999956130981,
      0.9969000220298767,
      0.9965999722480774,
      0.9965999722480774,
      0.9969000220298767
    ]
  },
  "model_architecture": {
    "conv_layers": 5,
    "dense_layers": 3,
    "parameters": 307178,
    "optimizer": "Adam",
    "learning_rate": 0.001
  }
}