{
  "final_accuracy": 0.9972000122070312,
  "final_loss": 0.0109199658036232,
  "digit_accuracy": {
    "0": 0.9989795918367347,
    "1": 0.9982378854625551,
    "2": 0.998062015503876,
    "3": 1.0,
    "4": 0.9979633401221996,
    "5": 0.9955156950672646,
    "6": 0.9926931106471816,
    "7": 0.9961089494163424,
    "8": 0.997946611909651,
    "9": 0.9960356788899901
  },
  "training_history": {
    "loss": [
      0.6760136485099792,
      0.16240274906158447,
      0.11517905443906784,
      0.09117291867733002,
      0.08323439210653305,
      0.07168906927108765,
      0.0656394436955452,
      0.06247977539896965,
      0.058089882135391235,
      0.05286291986703873,
      0.050739504396915436,
      0.05131353810429573,
      0.045336753129959106,
      0.04503616690635681,
      0.04299953952431679,
      0.04316984489560127,
      0.040053658187389374,
      0.03156376630067825,
      0.029253778979182243,
      0.029129551723599434,
      0.02582567185163498,
      0.025569181889295578,
      0.024681515991687775,
      0.024999136105179787,
      0.024095267057418823,
      0.025228597223758698,
      0.022187959402799606,
      0.021654941141605377,
      0.020811988040804863,
      0.019881024956703186
    ],
    "accuracy": [
      0.7928833365440369,
      0.9522833228111267,
      0.9666666388511658,
      0.9730333089828491,
      0.9765666723251343,
      0.9791666865348816,
      0.9809666872024536,
      0.9822666645050049,
      0.9836166501045227,
      0.9852666854858398,
      0.9856166839599609,
      0.9856500029563904,
      0.9876999855041504,
      0.9870166778564453,
      0.98826664686203,
      0.9881666898727417,
      0.9884166717529297,
      0.9914500117301941,
      0.9917500019073486,
      0.9921666383743286,
      0.9927166700363159,
      0.9931333065032959,
      0.9929500222206116,
      0.9928666949272156,
      0.9934666752815247,
      0.9929999709129333,
      0.9935833215713501,
      0.9939500093460083,
      0.9938666820526123,
      0.9944333434104919
    ],
    "val_loss": [
      0.5378113389015198,
      0.03485744446516037,
      0.029360175132751465,
      0.02594991773366928,
      0.024955226108431816,
      0.02234577387571335,
      0.026674941182136536,
      0.02414301224052906,
      0.020222105085849762,
      0.016820300370454788,
      0.020876716822385788,
      0.015764541923999786,
      0.016272254288196564,
      0.01924956403672695,
      0.016143430024385452,
      0.017231261357665062,
      0.01730327494442463,
      0.012032131664454937,
      0.011479935608804226,
      0.01178821548819542,
      0.010789020918309689,
      0.0109199658036232,
      0.012640409171581268,
      0.011265426874160767,
      0.011769025586545467,
      0.013465850614011288,
      0.01143627054989338,
      0.011384954676032066,
      0.01120414026081562,
      0.011209026910364628
    ],
    "val_accuracy": [
      0.829200029373169,
      0.9886000156402588,
      0.9896000027656555,
      0.9923999905586243,
      0.9926999807357788,
      0.9930999875068665,
      0.9922999739646912,
      0.9925000071525574,
      0.9930999875068665,
      0.9951000213623047,
      0.9937000274658203,
      0.9954000115394592,
      0.995199978351593,
      0.9941999912261963,
      0.9952999949455261,
      0.9940999746322632,
      0.995199978351593,
      0.9962999820709229,
      0.9966999888420105,
      0.9966999888420105,
      0.9968000054359436,
      0.9972000122070312,
      0.9965000152587891,
      0.9969000220298767,
      0.9965999722480774,
      0.9962000250816345,
      0.9965000152587891,
      0.9965000152587891,
      0.9965999722480774,
      0.9968000054359436
    ]
  },
  "model_architecture": {
    "conv_layers": 5,
    "dense_layers": 3,
    "parameters": 307178,
    "optimizer": "Adam",
    "learning_rate": 0.001
  }
}