{
  "final_accuracy": 0.9962999820709229,
  "final_loss": 0.013452163897454739,
  "digit_accuracy": {
    "0": 0.996938775510204,
    "1": 0.9991189427312775,
    "2": 0.9951550387596899,
    "3": 1.0,
    "4": 0.9959266802443992,
    "5": 0.9943946188340808,
    "6": 0.9926931106471816,
    "7": 0.9961089494163424,
    "8": 0.9969199178644764,
    "9": 0.9950445986124876
  },
  "training_history": {
    "loss": [
      0.700788140296936,
      0.16397373378276825,
      0.11218996345996857,
      0.09239593893289566,
      0.08112010359764099,
      0.07143820822238922,
      0.06611538678407669,
      0.060690585523843765,
      0.05826939269900322,
      0.05425313487648964,
      0.050016868859529495,
      0.04836851730942726,
      0.04565022885799408,
      0.03640945255756378,
      0.031603142619132996,
      0.031691774725914,
      0.030640535056591034,
      0.028594454750418663,
      0.028369752690196037,
      0.02810375951230526,
      0.02710038796067238,
      0.0254781823605299,
      0.025991490110754967,
      0.028063034638762474,
      0.024500414729118347,
      0.024879485368728638
    ],
    "accuracy": [
      0.7871333360671997,
      0.9515666961669922,
      0.9675499796867371,
      0.9734500050544739,
      0.9761833548545837,
      0.979533314704895,
      0.9812666773796082,
      0.9827666878700256,
      0.9834499955177307,
      0.9843000173568726,
      0.9853000044822693,
      0.9866833090782166,
      0.9871500134468079,
      0.989799976348877,
      0.9915000200271606,
      0.9910500049591064,
      0.9913333058357239,
      0.9919000267982483,
      0.9923166632652283,
      0.9920833110809326,
      0.9922666549682617,
      0.9926000237464905,
      0.992733359336853,
      0.9922333359718323,
      0.9929500222206116,
      0.9933833479881287
    ],
    "val_loss": [
      0.19703932106494904,
      0.034696586430072784,
      0.027099890634417534,
      0.021634632721543312,
      0.025914255529642105,
      0.020692719146609306,
      0.026221459731459618,
      0.014668063260614872,
      0.018161559477448463,
      0.01978382281959057,
      0.020833658054471016,
      0.02642618678510189,
      0.01856956072151661,
      0.015091375447809696,
      0.013780619949102402,
      0.013452163897454739,
      0.014440324157476425,
      0.013292032293975353,
      0.01267661340534687,
      0.013518513180315495,
      0.015139805153012276,
      0.01283065602183342,
      0.013468565419316292,
      0.01239345595240593,
      0.012135222554206848,
      0.011450576595962048
    ],
    "val_accuracy": [
      0.9395999908447266,
      0.9900000095367432,
      0.991599977016449,
      0.9937999844551086,
      0.9921000003814697,
      0.993399977684021,
      0.9921000003814697,
      0.9955000281333923,
      0.9944999814033508,
      0.9939000010490417,
      0.9939000010490417,
      0.993399977684021,
      0.9939000010490417,
      0.9961000084877014,
      0.9958000183105469,
      0.9962999820709229,
      0.9957000017166138,
      0.9958999752998352,
      0.9962999820709229,
      0.9957000017166138,
      0.9958999752998352,
      0.9962000250816345,
      0.9962999820709229,
      0.9961000084877014,
      0.9962000250816345,
      0.9962999820709229
    ]
  },
  "model_architecture": {
    "conv_layers": 5,
    "dense_layers": 3,
    "parameters": 307178,
    "optimizer": "Adam",
    "learning_rate": 0.001
  }
}