{
  "accuracy": 0.9666666666666667,
  "precision": 0.9696969696969697,
  "recall": 0.9666666666666667,
  "feature_importance": {
    "petal length (cm)": 0.5790772828399291,
    "petal width (cm)": 0.42092271716007074,
    "sepal length (cm)": 0.0,
    "sepal width (cm)": 0.0
  },
  "test_samples": 30,
  "model_info": {
    "model_type": "DecisionTreeClassifier",
    "max_depth": 3,
    "random_state": 42
  }
}